"","x"
"10X_P7_4_AAACCTGCACGACGAA","endothelial cell"
"10X_P7_4_AAACCTGGTTCCACGG","fibroblast"
"10X_P7_4_AAACCTGTCTCGATGA","endothelial cell"
"10X_P7_4_AAAGCAAAGTGAATTG","fibroblast"
"10X_P7_4_AAATGCCAGTCCATAC","fibroblast"
"10X_P7_4_AACGTTGTCCTCATTA","fibroblast"
"10X_P7_4_AACTCTTGTCTTGCGG","endothelial cell"
"10X_P7_4_AAGACCTAGTCCCACG","fibroblast"
"10X_P7_4_AAGACCTCAGGGTTAG","fibroblast"
"10X_P7_4_AAGACCTTCTCAAACG","endothelial cell"
"10X_P7_4_AAGGCAGGTCACCTAA","fibroblast"
"10X_P7_4_AAGGTTCCAGCTATTG","endothelial cell"
"10X_P7_4_AATCCAGCATGATCCA","endothelial cell"
"10X_P7_4_ACACCAAAGAAGCCCA","fibroblast"
"10X_P7_4_ACACCAACATCTCGCT","fibroblast"
"10X_P7_4_ACACCCTCAGTCGATT","fibroblast"
"10X_P7_4_ACACCCTTCGAGCCCA","fibroblast"
"10X_P7_4_ACACCGGTCTAACTGG","endothelial cell"
"10X_P7_4_ACACTGACATGCCACG","fibroblast"
"10X_P7_4_ACACTGATCAACACGT","fibroblast"
"10X_P7_4_ACATCAGAGAGCCCAA","fibroblast"
"10X_P7_4_ACATCAGCAGATCCAT","fibroblast"
"10X_P7_4_ACATCAGTCTCTTGAT","endothelial cell"
"10X_P7_4_ACATGGTAGCTAAGAT","endothelial cell"
"10X_P7_4_ACATGGTTCCACGTGG","endothelial cell"
"10X_P7_4_ACCCACTAGATATACG","endothelial cell"
"10X_P7_4_ACCGTAAAGGATGGTC","endothelial cell"
"10X_P7_4_ACCGTAACAACTTGAC","fibroblast"
"10X_P7_4_ACGATACAGCCGTCGT","endothelial cell"
"10X_P7_4_ACGATGTCAAACAACA","endothelial cell"
"10X_P7_4_ACGATGTCATACGCTA","fibroblast"
"10X_P7_4_ACGATGTTCTACGAGT","fibroblast"
"10X_P7_4_ACGCCGAAGCCCAACC","fibroblast"
"10X_P7_4_ACGGAGAGTCACACGC","fibroblast"
"10X_P7_4_ACGGCCACAACTGCTA","fibroblast"
"10X_P7_4_ACGGGCTAGTAGATGT","endothelial cell"
"10X_P7_4_ACGGGCTGTTTGTTTC","endothelial cell"
"10X_P7_4_ACGGGTCGTTGTACAC","fibroblast"
"10X_P7_4_ACGTCAATCGCGCCAA","fibroblast"
"10X_P7_4_ACTGAGTCACTGCCAG","fibroblast"
"10X_P7_4_ACTGAGTTCGACCAGC","fibroblast"
"10X_P7_4_ACTGATGAGCTCTCGG","endothelial cell"
"10X_P7_4_ACTGATGTCGGTTAAC","fibroblast"
"10X_P7_4_ACTGCTCAGACCCACC","fibroblast"
"10X_P7_4_ACTGCTCAGCCTTGAT","fibroblast"
"10X_P7_4_ACTGCTCAGCTAGTTC","fibroblast"
"10X_P7_4_ACTGCTCGTGCGGTAA","endothelial cell"
"10X_P7_4_ACTTACTAGAAACCGC","endothelial cell"
"10X_P7_4_ACTTGTTCATCCAACA","endothelial cell"
"10X_P7_4_ACTTGTTCATGACATC","fibroblast"
"10X_P7_4_AGAATAGAGCACGCCT","fibroblast"
"10X_P7_4_AGAATAGTCTCTGCTG","fibroblast"
"10X_P7_4_AGAGCGAAGCACGCCT","endothelial cell"
"10X_P7_4_AGAGCGAAGTGTGGCA","fibroblast"
"10X_P7_4_AGAGCGATCAATCACG","fibroblast"
"10X_P7_4_AGAGCTTAGTACGTTC","endothelial cell"
"10X_P7_4_AGAGTGGAGTCCGTAT","endothelial cell"
"10X_P7_4_AGAGTGGCATGCCACG","fibroblast"
"10X_P7_4_AGATCTGAGCGATCCC","fibroblast"
"10X_P7_4_AGCATACGTTACGTCA","endothelial cell"
"10X_P7_4_AGCGGTCAGTATCTCG","endothelial cell"
"10X_P7_4_AGCGTCGGTGCAGGTA","fibroblast"
"10X_P7_4_AGCTCTCTCCCAAGTA","fibroblast"
"10X_P7_4_AGGCCACGTATCGCAT","endothelial cell"
"10X_P7_4_AGGCCACTCGCTTAGA","fibroblast"
"10X_P7_4_AGGTCATGTATTCGTG","endothelial cell"
"10X_P7_4_AGGTCATGTCAGTGGA","fibroblast"
"10X_P7_4_AGGTCATGTTACGACT","endothelial cell"
"10X_P7_4_AGGTCCGCACCACGTG","endothelial cell"
"10X_P7_4_AGTCTTTCATCATCCC","fibroblast"
"10X_P7_4_AGTCTTTGTATTACCG","fibroblast"
"10X_P7_4_AGTGGGACAGCCTTGG","fibroblast"
"10X_P7_4_AGTGTCAAGCCACCTG","endothelial cell"
"10X_P7_4_AGTGTCACACATGGGA","fibroblast"
"10X_P7_4_AGTTGGTCAGTTAACC","fibroblast"
"10X_P7_4_AGTTGGTGTATCAGTC","fibroblast"
"10X_P7_4_AGTTGGTGTGACTACT","endothelial cell"
"10X_P7_4_ATAAGAGAGTACGCGA","endothelial cell"
"10X_P7_4_ATAAGAGGTGTGCCTG","endothelial cell"
"10X_P7_4_ATAGACCTCTCACATT","endothelial cell"
"10X_P7_4_ATCACGATCAACACCA","endothelial cell"
"10X_P7_4_ATCCACCGTCGACTAT","fibroblast"
"10X_P7_4_ATCCGAACAAGCCCAC","fibroblast"
"10X_P7_4_ATCCGAATCAAACCGT","fibroblast"
"10X_P7_4_ATCGAGTGTCGAACAG","endothelial cell"
"10X_P7_4_ATCTACTAGGAATCGC","fibroblast"
"10X_P7_4_ATCTACTAGTGGACGT","fibroblast"
"10X_P7_4_ATCTACTGTTGAGTTC","endothelial cell"
"10X_P7_4_ATCTGCCAGGTGGGTT","fibroblast"
"10X_P7_4_ATGAGGGTCTACTTAC","fibroblast"
"10X_P7_4_ATGCGATAGATGCCAG","fibroblast"
"10X_P7_4_ATGCGATGTCGCATAT","fibroblast"
"10X_P7_4_ATGTGTGTCGGCCGAT","fibroblast"
"10X_P7_4_ATTATCCGTCTTCGTC","endothelial cell"
"10X_P7_4_ATTCTACCAAACAACA","fibroblast"
"10X_P7_4_ATTCTACCATATACCG","fibroblast"
"10X_P7_4_ATTGGACCATGCAATC","endothelial cell"
"10X_P7_4_ATTTCTGTCCCGGATG","fibroblast"
"10X_P7_4_ATTTCTGTCTAGAGTC","fibroblast"
"10X_P7_4_CAACCAACAGCTATTG","endothelial cell"
"10X_P7_4_CAACCTCCATTAGGCT","endothelial cell"
"10X_P7_4_CAAGAAAAGAGAGCTC","fibroblast"
"10X_P7_4_CAAGAAAGTATGGTTC","fibroblast"
"10X_P7_4_CAAGATCTCACGCGGT","fibroblast"
"10X_P7_4_CACAAACAGATGCCAG","fibroblast"
"10X_P7_4_CACAAACTCGCGATCG","fibroblast"
"10X_P7_4_CACAGGCGTACTCTCC","fibroblast"
"10X_P7_4_CACAGGCGTCGAATCT","fibroblast"
"10X_P7_4_CACATAGCACACATGT","fibroblast"
"10X_P7_4_CACATAGGTCTCTTTA","fibroblast"
"10X_P7_4_CACATAGTCCCAAGTA","endothelial cell"
"10X_P7_4_CACATTTTCTGTCAAG","endothelial cell"
"10X_P7_4_CACTCCATCGTGTAGT","endothelial cell"
"10X_P7_4_CAGAATCCAATAACGA","fibroblast"
"10X_P7_4_CAGAGAGCACCTTGTC","endothelial cell"
"10X_P7_4_CAGATCAAGAAGGCCT","endothelial cell"
"10X_P7_4_CAGATCACAGCTGCAC","fibroblast"
"10X_P7_4_CAGATCAGTACGCACC","endothelial cell"
"10X_P7_4_CAGCAGCAGACTAGAT","fibroblast"
"10X_P7_4_CAGCAGCGTTGTTTGG","endothelial cell"
"10X_P7_4_CAGCCGACACAGTCGC","fibroblast"
"10X_P7_4_CAGCGACCAAACGCGA","endothelial cell"
"10X_P7_4_CAGCTAACAAGAGTCG","endothelial cell"
"10X_P7_4_CAGGTGCTCTCCGGTT","endothelial cell"
"10X_P7_4_CAGTCCTGTGAGCGAT","endothelial cell"
"10X_P7_4_CATATGGTCAGGTAAA","endothelial cell"
"10X_P7_4_CATATGGTCGTTTATC","fibroblast"
"10X_P7_4_CATCGAAAGGCTCTTA","fibroblast"
"10X_P7_4_CATCGAAAGTACGCGA","fibroblast"
"10X_P7_4_CATCGAATCAACGGGA","fibroblast"
"10X_P7_4_CATCGGGCAGCTGTAT","endothelial cell"
"10X_P7_4_CATCGGGCATAAAGGT","endothelial cell"
"10X_P7_4_CATCGGGGTCGCTTTC","fibroblast"
"10X_P7_4_CATCGGGGTTGTACAC","endothelial cell"
"10X_P7_4_CATGACATCCACGTGG","fibroblast"
"10X_P7_4_CATGCCTCATTGGCGC","endothelial cell"
"10X_P7_4_CATGGCGCACCCATGG","endothelial cell"
"10X_P7_4_CATTCGCCATTTCACT","fibroblast"
"10X_P7_4_CCACCTAAGGCCCGTT","endothelial cell"
"10X_P7_4_CCATGTCCACTTGGAT","endothelial cell"
"10X_P7_4_CCCAATCTCATCTGCC","fibroblast"
"10X_P7_4_CCCATACGTAGCTAAA","endothelial cell"
"10X_P7_4_CCCTCCTTCATTGCGA","fibroblast"
"10X_P7_4_CCGGGATGTTGGTTTG","fibroblast"
"10X_P7_4_CCGTACTCATCGGGTC","endothelial cell"
"10X_P7_4_CCGTGGAAGTAACCCT","endothelial cell"
"10X_P7_4_CCGTTCAGTAGGCTGA","fibroblast"
"10X_P7_4_CCTAAAGGTTCGTCTC","endothelial cell"
"10X_P7_4_CCTACACCAACTGCTA","endothelial cell"
"10X_P7_4_CCTACCATCGCTTGTC","endothelial cell"
"10X_P7_4_CCTAGCTGTGCATCTA","endothelial cell"
"10X_P7_4_CCTCAGTCAGCAGTTT","endothelial cell"
"10X_P7_4_CCTCTGAAGAAGATTC","endothelial cell"
"10X_P7_4_CCTTACGTCGCCAGCA","fibroblast"
"10X_P7_4_CCTTCGAAGTCTTGCA","fibroblast"
"10X_P7_4_CCTTCGAGTCACACGC","fibroblast"
"10X_P7_4_CCTTTCTTCGTAGATC","fibroblast"
"10X_P7_4_CGACTTCGTAGTACCT","fibroblast"
"10X_P7_4_CGAGAAGAGCGATAGC","fibroblast"
"10X_P7_4_CGAGAAGTCTAGCACA","endothelial cell"
"10X_P7_4_CGATGTATCGAGAACG","endothelial cell"
"10X_P7_4_CGCCAAGTCCTAGAAC","fibroblast"
"10X_P7_4_CGCGGTACAAGTACCT","fibroblast"
"10X_P7_4_CGCTATCCACTGCCAG","endothelial cell"
"10X_P7_4_CGCTATCCATCTATGG","endothelial cell"
"10X_P7_4_CGCTGGATCTGCGACG","fibroblast"
"10X_P7_4_CGCTTCAAGATCCCAT","fibroblast"
"10X_P7_4_CGGACACAGTAGGCCA","endothelial cell"
"10X_P7_4_CGGACGTAGCTTTGGT","fibroblast"
"10X_P7_4_CGGACGTAGGCTAGCA","endothelial cell"
"10X_P7_4_CGGACTGAGCAGCCTC","fibroblast"
"10X_P7_4_CGGACTGCACTGTCGG","fibroblast"
"10X_P7_4_CGGACTGGTCCGTCAG","fibroblast"
"10X_P7_4_CGGACTGGTGGTACAG","fibroblast"
"10X_P7_4_CGGAGCTCACGACGAA","fibroblast"
"10X_P7_4_CGGAGCTGTTAAGGGC","fibroblast"
"10X_P7_4_CGGAGCTTCCTGCAGG","endothelial cell"
"10X_P7_4_CGGAGTCCACGAGGTA","fibroblast"
"10X_P7_4_CGGAGTCCAGACACTT","endothelial cell"
"10X_P7_4_CGGCTAGGTCAGTGGA","fibroblast"
"10X_P7_4_CGGGTCATCAGGATCT","fibroblast"
"10X_P7_4_CGGGTCATCTGCGTAA","endothelial cell"
"10X_P7_4_CGGTTAATCCGCAGTG","fibroblast"
"10X_P7_4_CGTAGCGCATGGGAAC","fibroblast"
"10X_P7_4_CGTAGGCCATTCGACA","fibroblast"
"10X_P7_4_CGTCACTGTAACGCGA","endothelial cell"
"10X_P7_4_CGTCAGGTCGGCTTGG","fibroblast"
"10X_P7_4_CGTCCATAGACAATAC","endothelial cell"
"10X_P7_4_CGTCTACCAAATCCGT","fibroblast"
"10X_P7_4_CGTGAGCAGGGCATGT","endothelial cell"
"10X_P7_4_CGTGTCTAGCGATAGC","fibroblast"
"10X_P7_4_CGTGTCTCACTCTGTC","endothelial cell"
"10X_P7_4_CTAAGACGTACATCCA","endothelial cell"
"10X_P7_4_CTAAGACGTGACAAAT","endothelial cell"
"10X_P7_4_CTAAGACTCGTGGACC","fibroblast"
"10X_P7_4_CTAATGGGTACAGTGG","endothelial cell"
"10X_P7_4_CTACACCGTCCAGTTA","fibroblast"
"10X_P7_4_CTACCCACACGAAACG","fibroblast"
"10X_P7_4_CTACGTCGTCTCACCT","fibroblast"
"10X_P7_4_CTAGCCTGTTCGCGAC","endothelial cell"
"10X_P7_4_CTAGTGACAATGGTCT","fibroblast"
"10X_P7_4_CTAGTGATCGTGACAT","fibroblast"
"10X_P7_4_CTAGTGATCTCCCTGA","endothelial cell"
"10X_P7_4_CTCAGAACACCCTATC","endothelial cell"
"10X_P7_4_CTCAGAATCGCAGGCT","fibroblast"
"10X_P7_4_CTCATTACACGAAATA","endothelial cell"
"10X_P7_4_CTCGAGGGTCGCATCG","fibroblast"
"10X_P7_4_CTCGGAGGTCAACTGT","endothelial cell"
"10X_P7_4_CTCGGAGTCATCACCC","endothelial cell"
"10X_P7_4_CTCGTCAGTGGTCTCG","fibroblast"
"10X_P7_4_CTCTACGAGTGGAGAA","endothelial cell"
"10X_P7_4_CTCTACGCAAAGCAAT","fibroblast"
"10X_P7_4_CTCTGGTGTTCCCGAG","endothelial cell"
"10X_P7_4_CTCTGGTGTTTGGCGC","fibroblast"
"10X_P7_4_CTGAAACTCCGAATGT","fibroblast"
"10X_P7_4_CTGATAGGTGAAGGCT","fibroblast"
"10X_P7_4_CTGATCCCAAGCCCAC","endothelial cell"
"10X_P7_4_CTGCCTAAGGGTGTTG","fibroblast"
"10X_P7_4_CTGCGGATCGGAGCAA","fibroblast"
"10X_P7_4_CTGCTGTTCCTCGCAT","fibroblast"
"10X_P7_4_CTGTTTAGTTAAAGTG","endothelial cell"
"10X_P7_4_CTTACCGAGTCCATAC","endothelial cell"
"10X_P7_4_CTTACCGGTCCATCCT","fibroblast"
"10X_P7_4_CTTCTCTCACCGCTAG","fibroblast"
"10X_P7_4_GAACGGATCCTTCAAT","fibroblast"
"10X_P7_4_GAAGCAGTCACTATTC","endothelial cell"
"10X_P7_4_GAAGCAGTCGAATCCA","endothelial cell"
"10X_P7_4_GAATAAGTCCCATTAT","fibroblast"
"10X_P7_4_GACACGCAGGGTTCCC","fibroblast"
"10X_P7_4_GACACGCCAGCCTTGG","fibroblast"
"10X_P7_4_GACAGAGGTGCACGAA","endothelial cell"
"10X_P7_4_GACGTTAAGTGTACCT","endothelial cell"
"10X_P7_4_GACGTTATCCACGAAT","fibroblast"
"10X_P7_4_GACTACACAAGCTGAG","endothelial cell"
"10X_P7_4_GACTACAGTAGCGTGA","fibroblast"
"10X_P7_4_GACTGCGGTGCAACTT","endothelial cell"
"10X_P7_4_GAGCAGAAGATATGCA","endothelial cell"
"10X_P7_4_GATCAGTAGTCTCCTC","fibroblast"
"10X_P7_4_GATCGCGGTTGCGCAC","fibroblast"
"10X_P7_4_GATCGTATCTCGGACG","endothelial cell"
"10X_P7_4_GATGAAAAGAAGATTC","fibroblast"
"10X_P7_4_GATTCAGCACAGCGTC","fibroblast"
"10X_P7_4_GCAAACTAGCCCTAAT","fibroblast"
"10X_P7_4_GCAAACTGTCAGAGGT","fibroblast"
"10X_P7_4_GCAAACTGTTTCCACC","endothelial cell"
"10X_P7_4_GCACTCTGTAAACCTC","endothelial cell"
"10X_P7_4_GCAGTTAAGTATTGGA","fibroblast"
"10X_P7_4_GCAGTTATCGCACTCT","endothelial cell"
"10X_P7_4_GCATACATCCCTGACT","fibroblast"
"10X_P7_4_GCCAAATCACCATCCT","fibroblast"
"10X_P7_4_GCCTCTACATCGGAAG","endothelial cell"
"10X_P7_4_GCCTCTATCAAGAAGT","endothelial cell"
"10X_P7_4_GCGAGAAGTCGAGTTT","fibroblast"
"10X_P7_4_GCGCGATTCTTGCATT","fibroblast"
"10X_P7_4_GCTCCTAGTCTAAAGA","fibroblast"
"10X_P7_4_GCTCTGTAGTCGTTTG","endothelial cell"
"10X_P7_4_GCTCTGTGTCTAAAGA","endothelial cell"
"10X_P7_4_GCTGCAGAGCCCTAAT","fibroblast"
"10X_P7_4_GCTGCAGTCAACGGGA","endothelial cell"
"10X_P7_4_GCTGCAGTCGTTTGCC","fibroblast"
"10X_P7_4_GCTGCGAGTAAACGCG","fibroblast"
"10X_P7_4_GCTGCTTCAGCTGTAT","fibroblast"
"10X_P7_4_GCTGCTTTCCAATGGT","fibroblast"
"10X_P7_4_GCTTCCACACGAGGTA","fibroblast"
"10X_P7_4_GGAAAGCAGGAGTAGA","fibroblast"
"10X_P7_4_GGACAGAAGTCAAGGC","fibroblast"
"10X_P7_4_GGACGTCCACGCGAAA","fibroblast"
"10X_P7_4_GGAGCAATCTGTCAAG","endothelial cell"
"10X_P7_4_GGATGTTAGTGTACGG","endothelial cell"
"10X_P7_4_GGATTACCACGGTAAG","fibroblast"
"10X_P7_4_GGCAATTCATGATCCA","endothelial cell"
"10X_P7_4_GGCAATTGTAAATACG","endothelial cell"
"10X_P7_4_GGCCGATCAAGGACTG","endothelial cell"
"10X_P7_4_GGCGACTCAAATCCGT","fibroblast"
"10X_P7_4_GGCTCGACAAGCTGTT","fibroblast"
"10X_P7_4_GGCTCGATCACATACG","endothelial cell"
"10X_P7_4_GGCTGGTCAGGGCATA","endothelial cell"
"10X_P7_4_GGCTGGTGTGTCGCTG","endothelial cell"
"10X_P7_4_GGGAATGTCCGCAGTG","endothelial cell"
"10X_P7_4_GGGACCTCACTCTGTC","endothelial cell"
"10X_P7_4_GGGCATCCAGTCGATT","fibroblast"
"10X_P7_4_GGGTCTGCATTGTGCA","fibroblast"
"10X_P7_4_GGTATTGCACAGAGGT","fibroblast"
"10X_P7_4_GGTATTGGTCGGCACT","fibroblast"
"10X_P7_4_GGTGAAGTCGACCAGC","endothelial cell"
"10X_P7_4_GGTGCGTGTATATCCG","fibroblast"
"10X_P7_4_GGTGTTATCAGTGCAT","fibroblast"
"10X_P7_4_GTAACGTGTCTTGTCC","fibroblast"
"10X_P7_4_GTAACGTGTTGAGTTC","endothelial cell"
"10X_P7_4_GTAACGTGTTTGCATG","fibroblast"
"10X_P7_4_GTAGGCCAGCTAACAA","fibroblast"
"10X_P7_4_GTAGGCCCAGCCTATA","endothelial cell"
"10X_P7_4_GTAGGCCTCAACGGGA","endothelial cell"
"10X_P7_4_GTATCTTAGGTGATAT","endothelial cell"
"10X_P7_4_GTATCTTTCATCGGAT","fibroblast"
"10X_P7_4_GTATTCTTCACCATAG","endothelial cell"
"10X_P7_4_GTATTCTTCCGTCATC","fibroblast"
"10X_P7_4_GTCAAGTAGAGGTTGC","fibroblast"
"10X_P7_4_GTCACAAGTTCCTCCA","endothelial cell"
"10X_P7_4_GTCACGGCATGGATGG","endothelial cell"
"10X_P7_4_GTCATTTAGTGTGAAT","endothelial cell"
"10X_P7_4_GTCATTTGTAGGAGTC","fibroblast"
"10X_P7_4_GTCATTTTCACCGTAA","endothelial cell"
